"rgn_id","pressure_score"
5,0.791116
9,0.791116
8,0.791116
2,0.791116
4,0.791116
6,0.791116
12,0.791116
10,0.791116
1,0.791116
11,0.791116
7,0.791116
3,0.791116
