rgn_id,pressure_score
1,0.156906738201397
2,0.156906738201397
3,0.156906738201397
