"rgn_id","pressure_score"
1,0.791116
2,0.791116
3,0.791116
