rgn_id,pressure_score
1,0.266159365951965
2,0.266159365951965
3,0.266159365951965
