rgn_id,pressure_score
1,0.106314630640893
2,0.106314630640893
3,0.106314630640893
