"rgn_id","pressure_score"
1,0.156217
2,0.156217
3,0.156217
