"rgn_id","pressure_score"
1,0.135654
2,0.135654
3,0.135654
