rgn_id,pressure_score
1,0.210377722754578
2,0.210377722754578
3,0.210377722754578
