"rgn_id","pressure_score"
1,0.75947
2,0.75947
3,0.75947
