"rgn_id","trend"
1,0.0641678
2,0.0641678
3,0.0641678
