rgn_id,trend
1,-0.00306329533336924
2,-0.00306329533336924
3,-0.00306329533336924
