rgn_id,trend
1,0.0624672820243902
2,0.0624672820243902
3,0.0624672820243902
