"rgn_id","trend.score"
1,-0.208016
2,-0.208016
3,-0.208016
