rgn_id,trend
1,0.198912078982514
2,0.198912078982514
3,0.198912078982514
