rgn_id,trend
1,-0.001285320358018
2,-0.001285320358018
3,-0.001285320358018
