"rgn_id","trend.score"
1,-0.418122
2,-0.418122
3,-0.418122
