"rgn_id","trend.score"
5,-0.418121849264641
9,-0.418121849264641
8,-0.418121849264641
2,-0.418121849264641
4,-0.418121849264641
6,-0.418121849264641
12,-0.418121849264641
10,-0.418121849264641
1,-0.418121849264641
11,-0.418121849264641
7,-0.418121849264641
3,-0.418121849264641
