"rgn_id","trend"
1,0.00222108
2,0.00222108
3,0.00222108
