rgn_id,habitat,extent_rank
1,coral,3531.428
1,mangrove,3641.995216
1,seagrass,372.005
2,coral,3531.428
2,mangrove,3641.995216
2,seagrass,372.005
3,coral,3531.428
3,mangrove,3641.995216
3,seagrass,372.005
