rgn_id,habitat,extent_rank
1,mangrove,237753.251394
1,seagrass,30876.415
2,mangrove,237753.251394
2,seagrass,30876.415
3,mangrove,237753.251394
3,seagrass,30876.415
