"rgn_id","saup_id","prop_area"
1,170,0.261208
2,170,0.0038491
3,170,0.0837143
