"rgn_id","resilience.score"
1,0.686376
2,0.686376
3,0.686376
