"rgn_id","resilience.score"
5,0.686375971986398
9,0.686375971986398
8,0.686375971986398
2,0.686375971986398
4,0.686375971986398
6,0.686375971986398
12,0.686375971986398
10,0.686375971986398
1,0.686375971986398
11,0.686375971986398
7,0.686375971986398
3,0.686375971986398
