"rgn_id","resilience.score"
1,0.645032
2,0.645032
3,0.645032
