"rgn_id","resilience.score"
1,0.715455
2,0.715455
3,0.715455
