"rgn_id","pressures.score"
5,0.00059133192343
9,0.00059133192343
8,0.00059133192343
2,0.00059133192343
4,0.00059133192343
6,0.00059133192343
12,0.00059133192343
10,0.00059133192343
1,0.00059133192343
11,0.00059133192343
7,0.00059133192343
3,0.00059133192343
