"rgn_id","pressures.score"
1,0.000591332
2,0.000591332
3,0.000591332
