rgn_id,pressures.score
1,0.00059133192343
2,0.00059133192343
3,0.00059133192343
