rgn_id,pressure_score
1,0.0168363221581883
2,0.0168363221581883
3,0.0168363221581883
