"rgn_id","pressure_score"
1,0.0168363
2,0.0168363
3,0.0168363
