"rgn_id","pressure_score"
1,0.00917664
2,0.00917664
3,0.00917664
