rgn_id,pressure_score
1,0.00239947529378281
2,0.00239947529378281
3,0.00239947529378281
