"rgn_id","pressure_score"
1,0.0124694
2,0.0124694
3,0.0124694
