rgn_id,value
1,0.4337626262625
2,0.4337626262625
3,0.4337626262625
