rgn_id,resilience.score
1,0.219053857622473
2,0.219053857622473
3,0.219053857622473
