"rgn_id","w_fis"
5,0.773903345189511
9,0.773903345189511
8,0.773903345189511
2,0.773903345189511
4,0.773903345189511
6,0.773903345189511
12,0.773903345189511
10,0.773903345189511
1,0.773903345189511
11,0.773903345189511
7,0.773903345189511
3,0.773903345189511
