rgn_id,w_fis
1,0.910591162867912
2,0.910591162867912
3,0.910591162867912
