"rgn_id","w_fis"
1,0.773903
2,0.773903
3,0.773903
