rgn_id,habitat,health
1,coral,0.850910287291316
1,mangrove,0.795454545454545
1,seagrass,0
1,soft_bottom,1
2,coral,0.850910287291316
2,mangrove,0.795454545454545
2,seagrass,0
2,soft_bottom,1
3,coral,0.850910287291316
3,mangrove,0.795454545454545
3,seagrass,0
3,soft_bottom,1
