"rgn_id","resilience.score"
1,0.812683
2,0.812683
3,0.812683
