"rgn_id","resilience.score"
1,0.818182
2,0.818182
3,0.818182
