rgn_id,resilience.score
1,0.818181818181818
2,0.818181818181818
3,0.818181818181818
