rgn_id,pressure_score
1,0.0866925
2,0.0866925
3,0.0866925
