"rgn_id","pressure_score"
1,0.00426075408229142
2,0.000884584893567818
3,0.00376945223576022
4,0.0023923365263615
5,0.00386072928980805
6,0.00457809286486213
7,0.0042143285501085
8,0.0146178402507871
9,0.035100289165908
10,0.00707983906015954
11,0.00125997567603729
12,0.00467427740434844
