"rgn_id","pressure_score"
1,0.00426075
2,0.000884585
3,0.00376945
