rgn_id,resilience.score
1,0.53965
2,0.53965
3,0.53965
