rgn_id,year,percent
1,1998,15.00487512
1,2005,11.00722221
1,2006,12.03556112
1,2007,10.26224537
1,2008,11.41837191
1,2009,12.00270101
1,2010,7.14046649869999
2,1998,15.00487512
2,2005,11.00722221
2,2006,12.03556112
2,2007,10.26224537
2,2008,11.41837191
2,2009,12.00270101
2,2010,7.14046649869999
3,1998,15.00487512
3,2005,11.00722221
3,2006,12.03556112
3,2007,10.26224537
3,2008,11.41837191
3,2009,12.00270101
3,2010,7.14046649869999
