"sector","value","cntry_key"
"cf",8968.28577585634,"COL"
"ph",8336.14066516398,"COL"
"sb",10543.2749781115,"COL"
"tour",25170.1068288056,"COL"
"tran",28600.480785728,"COL"
