"sector","value","cntry_key"
"cf",13846.4101372961,"COL"
"ph",12374.0750909923,"COL"
"sb",15573.6416967459,"COL"
"tour",32092.8773085396,"COL"
"tran",54415.7584660831,"COL"
