"rgn_id","score"
1,0.598571
2,0.598571
3,0.598571
