rgn_id,score
1,0.604634905857143
2,0.604634905857143
3,0.604634905857143
