rgn_id,resilience.score
1,0.00226571689746
2,0.00226571689746
3,0.00226571689746
