"rgn_id","resilience.score"
5,0.00226571689746
9,0.00226571689746
8,0.00226571689746
2,0.00226571689746
4,0.00226571689746
6,0.00226571689746
12,0.00226571689746
10,0.00226571689746
1,0.00226571689746
11,0.00226571689746
7,0.00226571689746
3,0.00226571689746
