"rgn_id","resilience.score"
1,0.00226572
2,0.00226572
3,0.00226572
