rgn_id,species_code,sust_coeff
1,1009,0.444010417
1,188,0.37
1,653,0.37
2,1009,0.444010417
2,188,0.37
2,653,0.37
3,1009,0.444010417
3,188,0.37
3,653,0.37
