"rgn_id","score"
1,0.0250299
2,0.0250299
3,0.0250299
