rgn_id,score
1,0.0250299476703866
2,0.0250299476703866
3,0.0250299476703866
