rgn_id,score
1,0.0153205976924531
2,0.0153205976924531
3,0.0153205976924531
