"rgn_id","score"
1,0.0153206
2,0.0153206
3,0.0153206
