"rgn_id","pressure_score"
1,0.226569
2,0.226569
3,0.226569
