rgn_id,pressure_score
1,0.338300614893255
2,0.338300614893255
3,0.338300614893255
