"rgn_id","pressure_score"
1,0.053628
2,0.053628
3,0.053628
