rgn_id,pressure_score
1,0.21991970465734
2,0.21991970465734
3,0.21991970465734
