"rgn_id","pressure_score"
5,0.128465
9,0.128465
8,0.128465
2,0.128465
4,0.128465
6,0.128465
12,0.128465
10,0.128465
1,0.128465
11,0.128465
7,0.128465
3,0.128465
