rgn_id,pressure_score
1,0.208613666471717
2,0.208613666471717
3,0.208613666471717
