"rgn_id","pressure_score"
1,0.00485755
2,0.00485755
3,0.00485755
