"rgn_id","pressure_score"
1,0.128465
2,0.128465
3,0.128465
