X,rgn_id,pressure_score
125,1,0.0109887133710151
125,2,0.0109887133710151
125,3,0.0109887133710151
