"rgn_id","pressure_score"
1,0.397814
2,0.397814
3,0.397814
