rgn_id,pressure_score
1,0.39567577561099
2,0.39567577561099
3,0.39567577561099
