rgn_id,pressure_score
1,0.485177603479478
2,0.485177603479478
3,0.485177603479478
