"rgn_id","pressure_score"
5,0.893947010233193
9,0.893947010233193
8,0.893947010233193
2,0.893947010233193
4,0.893947010233193
6,0.893947010233193
12,0.893947010233193
10,0.893947010233193
1,0.893947010233193
11,0.893947010233193
7,0.893947010233193
3,0.893947010233193
