"rgn_id","pressure_score"
1,0.893947
2,0.893947
3,0.893947
