rgn_id,rgn_name,area_km2
1,Pacifico,333676.017642
2,Caribe,341951.546293
3,Insular,180207.70467
