rgn_id,pressures.score
1,0.028798803808655
2,0.028798803808655
3,0.028798803808655
