"rgn_id","pressures.score"
1,0.0287988
2,0.0287988
3,0.0287988
