"rgn_id","pressures.score"
1,0.997252
2,0.997252
3,0.997252
