rgn_id,pressures.score
1,0.997251953
2,0.997251953
3,0.997251953
