"rgn_id","score"
1,0.893852
2,0.893852
3,0.893852
