rgn_id,score
1,0.958614771166657
2,0.958614771166657
3,0.958614771166657
