"rgn_id","score"
1,-0.189427
2,-0.189427
3,-0.189427
