rgn_id,score
1,0.956780082224767
2,0.956780082224767
3,0.956780082224767
