rgn_id,score
1,-0.128295185497105
2,-0.128295185497105
3,-0.128295185497105
