"rgn_id","score"
5,0.851650457234486
9,0.851650457234486
8,0.851650457234486
2,0.851650457234486
4,0.851650457234486
6,0.851650457234486
12,0.851650457234486
10,0.851650457234486
1,0.851650457234486
11,0.851650457234486
7,0.851650457234486
3,0.851650457234486
