"rgn_id","score"
1,0.85165
2,0.85165
3,0.85165
