rgn_id,score
1,0.561347357556224
2,0.561347357556224
3,0.561347357556224
