"rgn_id","score"
1,0.564762
2,0.564762
3,0.564762
