"rgn_id","resilience.score"
1,0.833333
2,0.833333
3,0.833333
