rgn_id,score
1,0.438652642443776
2,0.438652642443776
3,0.438652642443776
