"rgn_id","score"
1,0.435238
2,0.435238
3,0.435238
